District,Ward
Nagatacho,Chiyoda
Kasumigaseki,Chiyoda
Otemachi,Chiyoda
Marunouchi,Chiyoda
Akihabara,Chiyoda
Yurakucho,Chiyoda
Iidabashi,Chiyoda
Kanda,Chiyoda
Nihonbashi,Chuo
Kayabacho,Chuo
Ginza,Chuo
Tsukiji,Chuo
Hatchobori,Chuo
Shinkawa,Chuo
Tsukishima,Chuo
Kachidoki,Chuo
Tsukuda,Chuo
Odaiba,Minato
Shinbashi,Minato
Hamamatsucho,Minato
Mita,Minato
Roppongi,Minato
Toranomon,Minato
Aoyama,Minato
Azabu,Minato
Shinjuku,Shinjuku
Takadanobaba,Shinjuku
Okubo,Shinjuku
Kagurazaka,Shinjuku
Ichigaya,Shinjuku
Yotsuya,Shinjuku
Hongu,Bunkyo
Yayoi,Bunkyo
Hakusan,Bunkyo
Ueno,Taito
Asakusa,Taito
Kinshicho,Sumida
Morishita,Sumida
Ryogoku,Sumida
Kiba,Koto
Ariake,Koto
Kameido,Koto
Toyocho,Koto
Monzennakacho,Koto
Fukagawa,Koto
Kiyosumi,Koto
Shirakawa,Koto
Etchujima,Koto
Sunamachi,Koto
Aomi,Koto
Shinagawa,Shinagawa
Gotanda,Shinagawa
Osaki,Shinagawa
Hatanodai,Shinagawa
Oimachi,Shinagawa
Tennozu,Shinagawa
Meguro,Meguro
Nakameguro,Meguro
Jiyugeoka,Meguro
Komaba,Meguro
Aobadai,Meguro
Omori,Ota
Kamata,Ota
Haneda,Ota
Denen-chofu,Ota
Setagaya,Setagaya
Shimokitazawa,Setagaya
Kinuta,Setagaya
Karasuyama,Setagaya
Tamagawa,Setagaya
Shibuya,Shibuya
Ebisu,Shibuya
Harajuku,Shibuya
Daikanyama,Shibuya
Hiroo,Shibuya
Sendagaya,Shibuya
Yoyogi,Shibuya
Nakano,Nakano
Koenji,Suginami
Asagaya,Suginami
Ogikubo,Suginami
Ikebukuro,Toshima
Komagome,Toshima
Senkawa,Toshima
Sugamo,Toshima
Akabane,Kita
Oji,Kita
Tabata,Kita
Arakawa,Arakawa
Machiya,Arakawa
Nippori,Arakawa
Minamisenju,Arakawa
Itabashi,Itabashi
Takashimadaira,Itabashi
Nerima,Nerima
Oizumi,Nerima
Hikarigaoka,Nerima
Ayase,Adachi
Kitasenju,Adachi
Takenotsuka,Adachi
Tateishi,Katsushika
Aoto,Katsushika
Kameari,Katsushika
Shibamata,Katsushika
Kasai,Edogawa
Koiwa,Edogawa
